{
    "loss": 9.56452465057373,
    "accuracy": 0.5686274766921997
}