{
    "loss": 38.81732940673828,
    "accuracy": 0.4313725531101227
}