{
    "loss": 0.6966898441314697,
    "accuracy": 0.8627451062202454
}